{
  "homeHero": [
    {
      "src": "https://res.cloudinary.com/dwlaojqop/image/upload/v1748290400/home-2_wjwxfq.jpg",
      "alt": "img"
    },
    {
      "src": "https://res.cloudinary.com/dwlaojqop/image/upload/v1748291613/home-1_3_yjpmny.jpg",
      "alt": "img"
    },
    {
      "src": "https://res.cloudinary.com/dwlaojqop/image/upload/v1748290400/home-2_wjwxfq.jpg",
      "alt": "img"
    }
  ],
  "homeMobileHero": [
    {
      "src": "https://res.cloudinary.com/dwlaojqop/image/upload/v1748296983/IMG_4266_ydhjni.jpg",
      "alt": "Mobile new arrivals"
    },
    {
      "src": "https://res.cloudinary.com/dwlaojqop/image/upload/v1748321902/IMG_4296_1_grz1rk.jpg",
      "alt": "Mobile summer collection"
    },
    {
      "src": "https://res.cloudinary.com/dwlaojqop/image/upload/v1748296983/IMG_4266_ydhjni.jpg",
      "alt": "Mobile spring collection"
    }
  ]
 
}
